A Light in the Attic,£51.77,In stock
Tipping the Velvet,£53.74,In stock
Soumission,£50.10,In stock
Sharp Objects,£47.82,In stock
Sapiens: A Brief History of Humankind,£54.23,In stock
The Requiem Red,£22.65,In stock
The Dirty Little Secrets of Getting Your Dream Job,£33.34,In stock
"The Coming Woman: A Novel Based on the Life of the Infamous Feminist, Victoria Woodhull",£17.93,In stock
The Boys in the Boat: Nine Americans and Their Epic Quest for Gold at the 1936 Berlin Olympics,£22.60,In stock
The Black Maria,£52.15,In stock
"Starving Hearts (Triangular Trade Trilogy, #1)",£13.99,In stock
Shakespeare's Sonnets,£20.66,In stock
Set Me Free,£17.46,In stock
Scott Pilgrim's Precious Little Life (Scott Pilgrim #1),£52.29,In stock
Rip it Up and Start Again,£35.02,In stock
"Our Band Could Be Your Life: Scenes from the American Indie Underground, 1981-1991",£57.25,In stock
Olio,£23.88,In stock
Mesaerion: The Best Science Fiction Stories 1800-1849,£37.59,In stock
Libertarianism for Beginners,£51.33,In stock
It's Only the Himalayas,£45.17,In stock
In Her Wake,£12.84,In stock
How Music Works,£37.32,In stock
"Foolproof Preserving: A Guide to Small Batch Jams, Jellies, Pickles, Condiments, and More: A Foolproof Guide to Making Small Batch Jams, Jellies, Pickles, Condiments, and More",£30.52,In stock
Chase Me (Paris Nights #2),£25.27,In stock
Black Dust,£34.53,In stock
Birdsong: A Story in Pictures,£54.64,In stock
America's Cradle of Quarterbacks: Western Pennsylvania's Football Factory from Johnny Unitas to Joe Montana,£22.50,In stock
Aladdin and His Wonderful Lamp,£53.13,In stock
Worlds Elsewhere: Journeys Around Shakespeareâs Globe,£40.30,In stock
Wall and Piece,£44.18,In stock
The Four Agreements: A Practical Guide to Personal Freedom,£17.66,In stock
The Five Love Languages: How to Express Heartfelt Commitment to Your Mate,£31.05,In stock
The Elephant Tree,£23.82,In stock
The Bear and the Piano,£36.89,In stock
Sophie's World,£15.94,In stock
Penny Maybe,£33.29,In stock
Maude (1883-1993):She Grew Up with the country,£18.02,In stock
"In a Dark, Dark Wood",£19.63,In stock
Behind Closed Doors,£52.22,In stock
You can't bury them all: Poems,£33.63,In stock
Slow States of Collapse: Poems,£57.31,In stock
Reasons to Stay Alive,£26.41,In stock
Private Paris (Private #10),£47.61,In stock
#HigherSelfie: Wake Up Your Life. Free Your Soul. Find Your Tribe.,£23.11,In stock
Without Borders (Wanderlove #1),£45.07,In stock
When We Collided,£31.77,In stock
"We Love You, Charlie Freeman",£50.27,In stock
Untitled Collection: Sabbath Poems 2014,£14.27,In stock
"Unseen City: The Majesty of Pigeons, the Discreet Charm of Snails & Other Wonders of the Urban Wilderness",£44.18,In stock
Unicorn Tracks,£18.78,In stock
"Unbound: How Eight Technologies Made Us Human, Transformed Society, and Brought Our World to the Brink",£25.52,In stock
Tsubasa: WoRLD CHRoNiCLE 2 (Tsubasa WoRLD CHRoNiCLE #2),£16.28,In stock
Throwing Rocks at the Google Bus: How Growth Became the Enemy of Prosperity,£31.12,In stock
This One Summer,£19.49,In stock
Thirst,£17.27,In stock
The Torch Is Passed: A Harding Family Story,£19.09,In stock
The Secret of Dreadwillow Carse,£56.13,In stock
"The Pioneer Woman Cooks: Dinnertime: Comfort Classics, Freezer Food, 16-Minute Meals, and Other Delicious Ways to Solve Supper!",£56.41,In stock
The Past Never Ends,£56.50,In stock
The Natural History of Us (The Fine Art of Pretending #2),£45.22,In stock
The Nameless City (The Nameless City #1),£38.16,In stock
The Murder That Never Was (Forensic Instincts #5),£54.11,In stock
The Most Perfect Thing: Inside (and Outside) a Bird's Egg,£42.96,In stock
"The Mindfulness and Acceptance Workbook for Anxiety: A Guide to Breaking Free from Anxiety, Phobias, and Worry Using Acceptance and Commitment Therapy",£23.89,In stock
The Life-Changing Magic of Tidying Up: The Japanese Art of Decluttering and Organizing,£16.77,In stock
"The Inefficiency Assassin: Time Management Tactics for Working Smarter, Not Longer",£20.59,In stock
The Gutsy Girl: Escapades for Your Life of Epic Adventure,£37.13,In stock
The Electric Pencil: Drawings from Inside State Hospital No. 3,£56.06,In stock
The Death of Humanity: and the Case for Life,£58.11,In stock
"The Bulletproof Diet: Lose up to a Pound a Day, Reclaim Energy and Focus, Upgrade Your Life",£49.05,In stock
The Art Forger,£40.76,In stock
The Age of Genius: The Seventeenth Century and the Birth of the Modern Mind,£19.73,In stock
The Activist's Tao Te Ching: Ancient Advice for a Modern Revolution,£32.24,In stock
Spark Joy: An Illustrated Master Class on the Art of Organizing and Tidying Up,£41.83,In stock
Soul Reader,£39.58,In stock
Security,£39.25,In stock
"Saga, Volume 6 (Saga (Collected Editions) #6)",£25.02,In stock
"Saga, Volume 5 (Saga (Collected Editions) #5)",£51.04,In stock
Reskilling America: Learning to Labor in the Twenty-First Century,£19.83,In stock
"Rat Queens, Vol. 3: Demons (Rat Queens (Collected Editions) #11-15)",£50.40,In stock
"Princess Jellyfish 2-in-1 Omnibus, Vol. 01 (Princess Jellyfish 2-in-1 Omnibus #1)",£13.61,In stock
Princess Between Worlds (Wide-Awake Princess #5),£13.34,In stock
"Pop Gun War, Volume 1: Gift",£18.97,In stock
"Political Suicide: Missteps, Peccadilloes, Bad Calls, Backroom Hijinx, Sordid Pasts, Rotten Breaks, and Just Plain Dumb Mistakes in the Annals of American Politics",£36.28,In stock
Patience,£10.16,In stock
"Outcast, Vol. 1: A Darkness Surrounds Him (Outcast #1)",£15.44,In stock
orange: The Complete Collection 1 (orange: The Complete Collection #1),£48.41,In stock
Online Marketing for Busy Authors: A Step-By-Step Guide,£46.35,In stock
On a Midnight Clear,£14.07,In stock
Obsidian (Lux #1),£14.86,In stock
My Paris Kitchen: Recipes and Stories,£33.37,In stock
Masks and Shadows,£56.40,In stock
"Mama Tried: Traditional Italian Cooking for the Screwed, Crude, Vegan, and Tattooed",£14.02,In stock
"Lumberjanes, Vol. 2: Friendship to the Max (Lumberjanes #5-8)",£46.91,In stock
"Lumberjanes, Vol. 1: Beware the Kitten Holy (Lumberjanes #1-4)",£45.61,In stock
Lumberjanes Vol. 3: A Terrible Plan (Lumberjanes #9-12),£19.92,In stock
"Layered: Baking, Building, and Styling Spectacular Cakes",£40.11,In stock
Judo: Seven Steps to Black Belt (an Introductory Guide for Beginners),£53.90,In stock
Join,£35.67,In stock
In the Country We Love: My Family Divided,£22.00,In stock
Immunity: How Elie Metchnikoff Changed the Course of Modern Medicine,£57.36,In stock
"I Hate Fairyland, Vol. 1: Madly Ever After (I Hate Fairyland (Compilations) #1-5)",£29.17,In stock
I am a Hero Omnibus Volume 1,£54.63,In stock
How to Be Miserable: 40 Strategies You Already Use,£46.03,In stock
Her Backup Boyfriend (The Sorensen Family #1),£33.97,In stock
"Giant Days, Vol. 2 (Giant Days #5-8)",£22.11,In stock
Forever and Forever: The Courtship of Henry Longfellow and Fanny Appleton,£29.69,In stock
First and First (Five Boroughs #3),£15.97,In stock
Fifty Shades Darker (Fifty Shades #2),£21.96,In stock
Everydata: The Misinformation Hidden in the Little Data You Consume Every Day,£54.35,In stock
"Don't Be a Jerk: And Other Practical Advice from Dogen, Japan's Greatest Zen Master",£37.97,In stock
Danganronpa Volume 1,£51.99,In stock
Crown of Midnight (Throne of Glass #2),£43.29,In stock
"Codename Baboushka, Volume 1: The Conclave of Death",£36.72,In stock
Camp Midnight,£17.08,In stock
Call the Nurse: True Stories of a Country Nurse on a Scottish Isle,£29.14,In stock
Burning,£28.81,In stock
Bossypants,£49.46,In stock
"Bitch Planet, Vol. 1: Extraordinary Machine (Bitch Planet (Collected Editions))",£37.92,In stock
"Avatar: The Last Airbender: Smoke and Shadow, Part 3 (Smoke and Shadow #3)",£28.09,In stock
Algorithms to Live By: The Computer Science of Human Decisions,£30.81,In stock
A World of Flavor: Your Gluten Free Passport,£42.95,In stock
"A Piece of Sky, a Grain of Rice: A Memoir in Four Meditations",£56.76,In stock
A Murder in Time,£16.64,In stock
A Flight of Arrows (The Pathfinders #2),£55.53,In stock
A Fierce and Subtle Poison,£28.13,In stock
A Court of Thorns and Roses (A Court of Thorns and Roses #1),£52.37,In stock
(Un)Qualified: How God Uses Broken People to Do Big Things,£54.00,In stock
You Are What You Love: The Spiritual Power of Habit,£21.87,In stock
"William Shakespeare's Star Wars: Verily, A New Hope (William Shakespeare's Star Wars #4)",£43.30,In stock
Tuesday Nights in 1980,£21.04,In stock
Tracing Numbers on a Train,£41.60,In stock
Throne of Glass (Throne of Glass #1),£35.07,In stock
Thomas Jefferson and the Tripoli Pirates: The Forgotten War That Changed American History,£59.64,In stock
Thirteen Reasons Why,£52.72,In stock
The White Cat and the Monk: A Retelling of the Poem âPangur BÃ¡nâ,£58.08,In stock
The Wedding Dress,£24.12,In stock
The Vacationers,£42.15,In stock
The Third Wave: An Entrepreneurâs Vision of the Future,£12.61,In stock
The Stranger,£17.44,In stock
The Shadow Hero (The Shadow Hero),£33.14,In stock
The Secret (The Secret #1),£27.37,In stock
The Regional Office Is Under Attack!,£51.36,In stock
The Psychopath Test: A Journey Through the Madness Industry,£36.00,In stock
The Project,£10.65,In stock
The Power of Now: A Guide to Spiritual Enlightenment,£43.54,In stock
The Omnivore's Dilemma: A Natural History of Four Meals,£38.21,In stock
The Nerdy Nummies Cookbook: Sweet Treats for the Geek in All of Us,£37.34,In stock
The Murder of Roger Ackroyd (Hercule Poirot #4),£44.10,In stock
The Mistake (Off-Campus #2),£43.29,In stock
The Matchmaker's Playbook (Wingmen Inc. #1),£55.85,In stock
The Love and Lemons Cookbook: An Apple-to-Zucchini Celebration of Impromptu Cooking,£37.60,In stock
The Long Shadow of Small Ghosts: Murder and Memory in an American City,£10.97,In stock
The Kite Runner,£41.82,In stock
The House by the Lake,£36.95,In stock
The Glittering Court (The Glittering Court #1),£44.28,In stock
The Girl on the Train,£55.02,In stock
The Genius of Birds,£17.24,In stock
The Emerald Mystery,£23.15,In stock
The Cookies & Cups Cookbook: 125+ sweet & savory recipes reminding you to Always Eat Dessert First,£41.25,In stock
The Bridge to Consciousness: I'm Writing the Bridge Between Science and Our Old and New Beliefs.,£32.00,In stock
The Artist's Way: A Spiritual Path to Higher Creativity,£38.49,In stock
The Art of War,£33.34,In stock
The Argonauts,£10.93,In stock
The 10% Entrepreneur: Live Your Startup Dream Without Quitting Your Day Job,£27.55,In stock
Suddenly in Love (Lake Haven #1),£55.99,In stock
Something More Than This,£16.24,In stock
Soft Apocalypse,£26.12,In stock
So You've Been Publicly Shamed,£12.23,In stock
Shoe Dog: A Memoir by the Creator of NIKE,£23.99,In stock
"Shobu Samurai, Project Aryoku (#3)",£29.06,In stock
Secrets and Lace (Fatal Hearts #1),£20.27,In stock
Scarlett Epstein Hates It Here,£43.55,In stock
Romero and Juliet: A Tragic Tale of Love and Zombies,£36.94,In stock
Redeeming Love,£20.47,In stock
Poses for Artists Volume 1 - Dynamic and Sitting Poses: An Essential Reference for Figure Drawing and the Human Form,£41.06,In stock
Poems That Make Grown Women Cry,£14.19,In stock
"Nightingale, Sing",£38.28,In stock
Night Sky with Exit Wounds,£41.05,In stock
Mrs. Houdini,£30.25,In stock
